01/05/2024,"domain,shared hosting"
02/05/2024,"domain,shared hosting"
03/05/2024,"shared hosting,dedicated hosting"
04/05/2024,"domain,vps"
05/05/2024,"domain,shared hosting"
06/05/2024,"domain,dedicated hosting"
07/05/2024,"domain,shared hosting"
08/05/2024,"shared hosting,dedicated hosting"
09/05/2024,"domain,vps"
10/05/2024,"domain,shared hosting"
11/05/2024,"domain,shared hosting,dedicated hosting"
12/05/2024,shared hosting
13/05/2024,"domain,dedicated hosting"
14/05/2024,"domain,shared hosting"
15/05/2024,"domain,vps,shared hosting"
16/05/2024,"shared hosting,dedicated hosting"
17/05/2024,"domain,shared hosting"
18/05/2024,dedicated hosting
19/05/2024,domain
20/05/2024,"domain,shared hosting"
21/05/2024,"shared hosting,dedicated hosting"
22/05/2024,"domain,shared hosting"
23/05/2024,shared hosting
24/05/2024,"domain,dedicated hosting"
25/05/2024,"domain,shared hosting"
26/05/2024,"domain,vps"
27/05/2024,"shared hosting,dedicated hosting"
28/05/2024,"domain,shared hosting"
29/05/2024,"domain,vps,dedicated hosting"
30/05/2024,"domain,shared hosting"
31/05/2024,shared hosting
01/06/2024,"domain,shared hosting"
02/06/2024,"domain,shared hosting"
03/06/2024,"domain,vps"
04/06/2024,"domain,dedicated hosting"
05/06/2024,shared hosting
06/06/2024,"domain,shared hosting"
07/06/2024,"shared hosting,dedicated hosting"
08/06/2024,"domain,shared hosting"
09/06/2024,"domain,vps"
10/06/2024,"domain,shared hosting"
11/06/2024,dedicated hosting
12/06/2024,"domain,vps,shared hosting"
13/06/2024,"domain,shared hosting"
14/06/2024,"domain,shared hosting,dedicated hosting"
15/06/2024,"domain,vps"
16/06/2024,shared hosting
17/06/2024,"domain,shared hosting,dedicated hosting"
18/06/2024,"domain,shared hosting"
19/06/2024,"domain,vps,dedicated hosting"
20/06/2024,"domain,shared hosting"
21/06/2024,"domain,shared hosting"
22/06/2024,"shared hosting,dedicated hosting"
23/06/2024,"domain,vps"
24/06/2024,"domain,shared hosting"
25/06/2024,"domain,dedicated hosting"
26/06/2024,shared hosting
27/06/2024,"domain,shared hosting"
28/06/2024,"domain,vps"
29/06/2024,"shared hosting,dedicated hosting"
30/06/2024,"domain,shared hosting"